ID,Form_ID,Form,Cognateset_ID,Doubt,Cognate_Detection_Method,Source,Alignment,Alignment_Method,Alignment_Source
ProPa-1_tree-1-1,ProPa-1_tree-1,hiwi,47,false,expert,Valenzuela2023,,,
Ksh-1_tree-1-1,Ksh-1_tree-1,i,47,false,expert,Valenzuela2023,,,
SK-1_tree-1-1,SK-1_tree-1,hiwi,47,false,expert,Valenzuela2023,,,
Kap-1_tree-1-1,Kap-1_tree-1,hiwi,47,false,expert,Valenzuela2023,,,
Mar-1_tree-1-1,Mar-1_tree-1,iwi,47,false,expert,Valenzuela2023,,,
Chak-1_tree-1-1,Chak-1_tree-1,hiwi,47,false,expert,Valenzuela2023,,,
Kax-1_tree-1-1,Kax-1_tree-1,hiwi,47,false,expert,Valenzuela2023,,,
Yam-1_tree-1-1,Yam-1_tree-1,iɸi,47,false,expert,Valenzuela2023,,,
Shar-1_tree-1-1,Shar-1_tree-1,iɸi,47,false,expert,Valenzuela2023,,,
ProPa-2_tooth-1-1,ProPa-2_tooth-1,ʂɨ,46,false,expert,Valenzuela2023,,,
Ksh-2_tooth-1-1,Ksh-2_tooth-1,ʂɨta,46,false,expert,Valenzuela2023,,,
SK-2_tooth-1-1,SK-2_tooth-1,ʂɨta,46,false,expert,Valenzuela2023,,,
Kap-2_tooth-1-1,Kap-2_tooth-1,ʂɨta,46,false,expert,Valenzuela2023,,,
Mar-2_tooth-1-1,Mar-2_tooth-1,ʃɨta,46,false,expert,Valenzuela2023,,,
Chak-2_tooth-1-1,Chak-2_tooth-1,ʂɨta,46,false,expert,Valenzuela2023,,,
Kax-2_tooth-1-1,Kax-2_tooth-1,ʂɨta,46,false,expert,Valenzuela2023,,,
Shar-2_tooth-1-1,Shar-2_tooth-1,ʂɨta,46,false,expert,Valenzuela2023,,,
ProPa-3_two-1-1,ProPa-3_two-1,ra,48,false,expert,Valenzuela2023,,,
Ksh-3_two-1-1,Ksh-3_two-1,raβɨ,48,false,expert,Valenzuela2023,,,
SK-3_two-1-1,SK-3_two-1,raβɨ,48,false,expert,Valenzuela2023,,,
Kap-3_two-1-1,Kap-3_two-1,raβɨ,48,false,expert,Valenzuela2023,,,
Mar-3_two-1-1,Mar-3_two-1,ravɨvakĩ,48,false,expert,Valenzuela2023,,,
Chak-3_two-1-1,Chak-3_two-1,raβɨ,48,false,expert,Valenzuela2023,,,
Kax-3_two-1-1,Kax-3_two-1,tʃabɨta,48,false,expert,Valenzuela2023,,,
Yam-3_two-1-1,Yam-3_two-1,raɸɨ,48,false,expert,Valenzuela2023,,,
Chan-3_two-1-1,Chan-3_two-1,raɸɨ,48,false,expert,Valenzuela2023,,,
Shar-3_two-1-1,Shar-3_two-1,raɸɨ,48,false,expert,Valenzuela2023,,,
ProPa-4_liver-1-1,ProPa-4_liver-1,takʷa,34,false,expert,Valenzuela2023,,,
Ksh-4_liver-1-1,Ksh-4_liver-1,takʷa,34,false,expert,Valenzuela2023,,,
SK-4_liver-1-1,SK-4_liver-1,taka,34,false,expert,Valenzuela2023,,,
Kap-4_liver-1-1,Kap-4_liver-1,taka,34,false,expert,Valenzuela2023,,,
Mar-4_liver-1-1,Mar-4_liver-1,taka,34,false,expert,Valenzuela2023,,,
Chak-4_liver-1-1,Chak-4_liver-1,taka,34,false,expert,Valenzuela2023,,,
Kax-4_liver-1-1,Kax-4_liver-1,taka,34,false,expert,Valenzuela2023,,,
Chan-4_liver-1-1,Chan-4_liver-1,taka,34,false,expert,Valenzuela2023,,,
Shar-4_liver-1-1,Shar-4_liver-1,taka,34,false,expert,Valenzuela2023,,,
ProPa-5_leaf-1-1,ProPa-5_leaf-1,pɨʔi,32,false,expert,Valenzuela2023,,,
Ksh-5_leaf-1-1,Ksh-5_leaf-1,pɨi,32,false,expert,Valenzuela2023,,,
SK-5_leaf-1-1,SK-5_leaf-1,pɨi,32,false,expert,Valenzuela2023,,,
Kap-5_leaf-1-1,Kap-5_leaf-1,pɨʔi,32,false,expert,Valenzuela2023,,,
Mar-5_leaf-1-1,Mar-5_leaf-1,pɨi,32,false,expert,Valenzuela2023,,,
Chak-5_leaf-1-1,Chak-5_leaf-1,pɨʔi,32,false,expert,Valenzuela2023,,,
Kax-5_leaf-1-1,Kax-5_leaf-1,pɨʔi,32,false,expert,Valenzuela2023,,,
Yam-5_leaf-1-1,Yam-5_leaf-1,pɨi,32,false,expert,Valenzuela2023,,,
Chan-5_leaf-1-1,Chan-5_leaf-1,pɨi,32,false,expert,Valenzuela2023,,,
Shar-5_leaf-1-1,Shar-5_leaf-1,pɨi,32,false,expert,Valenzuela2023,,,
ProPa-6_bone-1-1,ProPa-6_bone-1,ʂao,5,false,expert,Valenzuela2023,,,
Ksh-6_bone-1-1,Ksh-6_bone-1,ʂɔː,5,false,expert,Valenzuela2023,,,
SK-6_bone-1-1,SK-6_bone-1,ʂao,5,false,expert,Valenzuela2023,,,
Kap-6_bone-1-1,Kap-6_bone-1,ʂao,5,false,expert,Valenzuela2023,,,
Mar-6_bone-1-1,Mar-6_bone-1,ʃau,5,false,expert,Valenzuela2023,,,
Chak-6_bone-1-1,Chak-6_bone-1,ʂao,5,false,expert,Valenzuela2023,,,
Kax-6_bone-1-1,Kax-6_bone-1,ʂahʷu,5,false,expert,Valenzuela2023,,,
Yam-6_bone-1-1,Yam-6_bone-1,ʂao,5,false,expert,Valenzuela2023,,,
Chan-6_bone-1-1,Chan-6_bone-1,ʃao,5,false,expert,Valenzuela2023,,,
Shar-6_bone-1-1,Shar-6_bone-1,ʂao,5,false,expert,Valenzuela2023,,,
ProPa-7_tongue-1-1,ProPa-7_tongue-1,hana,45,false,expert,Valenzuela2023,,,
Ksh-7_tongue-1-1,Ksh-7_tongue-1,ana,45,false,expert,Valenzuela2023,,,
SK-7_tongue-1-1,SK-7_tongue-1,hana,45,false,expert,Valenzuela2023,,,
Kap-7_tongue-1-1,Kap-7_tongue-1,hana,45,false,expert,Valenzuela2023,,,
Mar-7_tongue-1-1,Mar-7_tongue-1,ana,45,false,expert,Valenzuela2023,,,
Chak-7_tongue-1-1,Chak-7_tongue-1,hana,45,false,expert,Valenzuela2023,,,
Kax-7_tongue-1-1,Kax-7_tongue-1,hana,45,false,expert,Valenzuela2023,,,
Yam-7_tongue-1-1,Yam-7_tongue-1,ana,45,false,expert,Valenzuela2023,,,
Chan-7_tongue-1-1,Chan-7_tongue-1,ada,45,false,expert,Valenzuela2023,,,
Shar-7_tongue-1-1,Shar-7_tongue-1,ana,45,false,expert,Valenzuela2023,,,
ProPa-8_hand-1-1,ProPa-8_hand-1,mɨ,28,false,expert,Valenzuela2023,,,
Ksh-8_hand-1-1,Ksh-8_hand-1,mɨkɨ̃,28,false,expert,Valenzuela2023,,,
SK-8_hand-1-1,SK-8_hand-1,mɨkɨ̃,28,false,expert,Valenzuela2023,,,
Kap-8_hand-1-1,Kap-8_hand-1,mɨkɨn,28,false,expert,Valenzuela2023,,,
Chak-8_hand-1-1,Chak-8_hand-1,mɨkɨnɨ,28,false,expert,Valenzuela2023,,,
Kax-8_hand-1-1,Kax-8_hand-1,mɨkɨlɨ,28,false,expert,Valenzuela2023,,,
Yam-8_hand-1-1,Yam-8_hand-1,mɨkɨ̃,28,false,expert,Valenzuela2023,,,
Chan-8_hand-1-1,Chan-8_hand-1,mɨkɨ,28,false,expert,Valenzuela2023,,,
Shar-8_hand-1-1,Shar-8_hand-1,mɨkɨ,28,false,expert,Valenzuela2023,,,
ProPa-9_night-1-1,ProPa-9_night-1,yamɨt,38,false,expert,Valenzuela2023,,,
Ksh-9_night-1-1,Ksh-9_night-1,imɨ,38,false,expert,Valenzuela2023,,,
SK-9_night-1-1,SK-9_night-1,yamɨ,38,false,expert,Valenzuela2023,,,
Kap-9_night-1-1,Kap-9_night-1,yamɨ,38,false,expert,Valenzuela2023,,,
Mar-9_night-1-1,Mar-9_night-1,yamɨ,38,false,expert,Valenzuela2023,,,
Kax-9_night-1-1,Kax-9_night-1,yamɨta,38,false,expert,Valenzuela2023,,,
Yam-9_night-1-1,Yam-9_night-1,yamɨa,38,false,expert,Valenzuela2023,,,
Chan-9_night-1-1,Chan-9_night-1,yabɨ,38,false,expert,Valenzuela2023,,,
Shar-9_night-1-1,Shar-9_night-1,yamɨ,38,false,expert,Valenzuela2023,,,
ProPa-10_skin-1-1,ProPa-10_skin-1,βitsi,41,false,expert,Valenzuela2023,,,
Ksh-10_skin-1-1,Ksh-10_skin-1,βitʃi,41,false,expert,Valenzuela2023,,,
SK-10_skin-1-1,SK-10_skin-1,βitʃi,41,false,expert,Valenzuela2023,,,
Kap-10_skin-1-1,Kap-10_skin-1,βitʃi,41,false,expert,Valenzuela2023,,,
Mar-10_skin-1-1,Mar-10_skin-1,vitʃi,41,false,expert,Valenzuela2023,,,
Chak-10_skin-1-1,Chak-10_skin-1,βitʃi,41,false,expert,Valenzuela2023,,,
Kax-10_skin-1-1,Kax-10_skin-1,bitʃi,41,false,expert,Valenzuela2023,,,
Chan-10_skin-1-1,Chan-10_skin-1,ɸitʃi,41,false,expert,Valenzuela2023,,,
Shar-10_skin-1-1,Shar-10_skin-1,ɸitʃi,41,false,expert,Valenzuela2023,,,
ProPa-11_fire-1-1,ProPa-11_fire-1,tsiʔi,23,false,expert,Valenzuela2023,,,
Ksh-11_fire-1-1,Ksh-11_fire-1,tʃii,23,false,expert,Valenzuela2023,,,
SK-11_fire-1-1,SK-11_fire-1,tʃii,23,false,expert,Valenzuela2023,,,
Kap-11_fire-1-1,Kap-11_fire-1,tʃiʔi,23,false,expert,Valenzuela2023,,,
Mar-11_fire-1-1,Mar-11_fire-1,tʃi,23,false,expert,Valenzuela2023,,,
Chak-11_fire-1-1,Chak-11_fire-1,tʃiʔi,23,false,expert,Valenzuela2023,,,
Kax-11_fire-1-1,Kax-11_fire-1,tʃiʔi,23,false,expert,Valenzuela2023,,,
Yam-11_fire-1-1,Yam-11_fire-1,tʃii,23,false,expert,Valenzuela2023,,,
Chan-11_fire-1-1,Chan-11_fire-1,tʃii,23,false,expert,Valenzuela2023,,,
Shar-11_fire-1-1,Shar-11_fire-1,tʃii,23,false,expert,Valenzuela2023,,,
ProPa-12_knee-1-1,ProPa-12_knee-1,rã,31,false,expert,Valenzuela2023,,,
Ksh-12_knee-1-1,Ksh-12_knee-1,rãβoʂo,31,false,expert,Valenzuela2023,,,
SK-12_knee-1-1,SK-12_knee-1,rãβoʂo,31,false,expert,Valenzuela2023,,,
Kap-12_knee-1-1,Kap-12_knee-1,rãβoʂo,31,false,expert,Valenzuela2023,,,
Mar-12_knee-1-1,Mar-12_knee-1,ravuʃɨ,31,false,expert,Valenzuela2023,,,
Kax-12_knee-1-1,Kax-12_knee-1,tʃãburu,31,false,expert,Valenzuela2023,,,
ProPa-13_blood-1-1,ProPa-13_blood-1,himi,4,false,expert,Valenzuela2023,,,
Ksh-13_blood-1-1,Ksh-13_blood-1,imi,4,false,expert,Valenzuela2023,,,
SK-13_blood-1-1,SK-13_blood-1,himi,4,false,expert,Valenzuela2023,,,
Kap-13_blood-1-1,Kap-13_blood-1,himi,4,false,expert,Valenzuela2023,,,
Mar-13_blood-1-1,Mar-13_blood-1,imbi,4,false,expert,Valenzuela2023,,,
Chak-13_blood-1-1,Chak-13_blood-1,himi,4,false,expert,Valenzuela2023,,,
Kax-13_blood-1-1,Kax-13_blood-1,himi,4,false,expert,Valenzuela2023,,,
Yam-13_blood-1-1,Yam-13_blood-1,im,4,false,expert,Valenzuela2023,,,
Chan-13_blood-1-1,Chan-13_blood-1,ibi,4,false,expert,Valenzuela2023,,,
Shar-13_blood-1-1,Shar-13_blood-1,imi,4,false,expert,Valenzuela2023,,,
ProPa-14_breast-1-1,ProPa-14_breast-1,ʂo,6,false,expert,Valenzuela2023,,,
Ksh-14_breast-1-1,Ksh-14_breast-1,ʂoma,6,false,expert,Valenzuela2023,,,
SK-14_breast-1-1,SK-14_breast-1,ʂoma,6,false,expert,Valenzuela2023,,,
Kap-14_breast-1-1,Kap-14_breast-1,ʂoma,6,false,expert,Valenzuela2023,,,
Mar-14_breast-1-1,Mar-14_breast-1,ʂoma,6,false,expert,Valenzuela2023,,,
Chak-14_breast-1-1,Chak-14_breast-1,ʂoma,6,false,expert,Valenzuela2023,,,
Chan-14_breast-1-1,Chan-14_breast-1,ʂoma,6,false,expert,Valenzuela2023,,,
Shar-14_breast-1-1,Shar-14_breast-1,ʂoma,6,false,expert,Valenzuela2023,,,
ProPa-15_sun-1-1,ProPa-15_sun-1,βari,42,false,expert,Valenzuela2023,,,
Ksh-15_sun-1-1,Ksh-15_sun-1,βaɾi,42,false,expert,Valenzuela2023,,,
SK-15_sun-1-1,SK-15_sun-1,βaɾi,42,false,expert,Valenzuela2023,,,
Kap-15_sun-1-1,Kap-15_sun-1,βaɾi,42,false,expert,Valenzuela2023,,,
Mar-15_sun-1-1,Mar-15_sun-1,vaɾi,42,false,expert,Valenzuela2023,,,
Chak-15_sun-1-1,Chak-15_sun-1,βaɾi,42,false,expert,Valenzuela2023,,,
Kax-15_sun-1-1,Kax-15_sun-1,βatʃi,42,false,expert,Valenzuela2023,,,
Chan-15_sun-1-1,Chan-15_sun-1,ɸaɾi,42,false,expert,Valenzuela2023,,,
Shar-15_sun-1-1,Shar-15_sun-1,ɸari,42,false,expert,Valenzuela2023,,,
ProPa-16_you-1-1,ProPa-16_you-1,mi,49,false,expert,Valenzuela2023,,,
Ksh-16_you-1-1,Ksh-16_you-1,miː,49,false,expert,Valenzuela2023,,,
SK-16_you-1-1,SK-16_you-1,mia,49,false,expert,Valenzuela2023,,,
Kap-16_you-1-1,Kap-16_you-1,mia,49,false,expert,Valenzuela2023,,,
Chak-16_you-1-1,Chak-16_you-1,mia,49,false,expert,Valenzuela2023,,,
ProPa-17_come-1-1,ProPa-17_come-1,βɨ,11,false,expert,Valenzuela2023,,,
Ksh-17_come-1-1,Ksh-17_come-1,βɨ,11,false,expert,Valenzuela2023,,,
SK-17_come-1-1,SK-17_come-1,βɨ,11,false,expert,Valenzuela2023,,,
Kap-17_come-1-1,Kap-17_come-1,βɨ,11,false,expert,Valenzuela2023,,,
Chak-17_come-1-1,Chak-17_come-1,βɨ,11,false,expert,Valenzuela2023,,,
Kax-17_come-1-1,Kax-17_come-1,bɨ,11,false,expert,Valenzuela2023,,,
Yam-17_come-1-1,Yam-17_come-1,ɸɨ,11,false,expert,Valenzuela2023,,,
Chan-17_come-1-1,Chan-17_come-1,ɸɨ,11,false,expert,Valenzuela2023,,,
Shar-17_come-1-1,Shar-17_come-1,ɸɨ,11,false,expert,Valenzuela2023,,,
ProPa-18_i-1-1,ProPa-18_i-1,ʔɨ,29,false,expert,Valenzuela2023,,,
Ksh-18_i-1-1,Ksh-18_i-1,ʔɨ,29,false,expert,Valenzuela2023,,,
SK-18_i-1-1,SK-18_i-1,ʔɨ,29,false,expert,Valenzuela2023,,,
Kap-18_i-1-1,Kap-18_i-1,ʔɨ,29,false,expert,Valenzuela2023,,,
Chak-18_i-1-1,Chak-18_i-1,ɨ,29,false,expert,Valenzuela2023,,,
ProPa-19_flesh-1-1,ProPa-19_flesh-1,nami,24,false,expert,Valenzuela2023,,,
Ksh-19_flesh-1-1,Ksh-19_flesh-1,nami,24,false,expert,Valenzuela2023,,,
SK-19_flesh-1-1,SK-19_flesh-1,nami,24,false,expert,Valenzuela2023,,,
Kap-19_flesh-1-1,Kap-19_flesh-1,nami,24,false,expert,Valenzuela2023,,,
Mar-19_flesh-1-1,Mar-19_flesh-1,nami,24,false,expert,Valenzuela2023,,,
Chak-19_flesh-1-1,Chak-19_flesh-1,nami,24,false,expert,Valenzuela2023,,,
Kax-19_flesh-1-1,Kax-19_flesh-1,lami,24,false,expert,Valenzuela2023,,,
Yam-19_flesh-1-1,Yam-19_flesh-1,nami,24,false,expert,Valenzuela2023,,,
Chan-19_flesh-1-1,Chan-19_flesh-1,nabi,24,false,expert,Valenzuela2023,,,
Shar-19_flesh-1-1,Shar-19_flesh-1,nami,24,false,expert,Valenzuela2023,,,
ProPa-20_fat-1-1,ProPa-20_fat-1,ʂɨni,21,false,expert,Valenzuela2023,,,
Ksh-20_fat-1-1,Ksh-20_fat-1,ʂɨni,21,false,expert,Valenzuela2023,,,
SK-20_fat-1-1,SK-20_fat-1,ʂɨni,21,false,expert,Valenzuela2023,,,
Kap-20_fat-1-1,Kap-20_fat-1,ʂɨni,21,false,expert,Valenzuela2023,,,
Mar-20_fat-1-1,Mar-20_fat-1,ʂɨni,21,false,expert,Valenzuela2023,,,
Chak-20_fat-1-1,Chak-20_fat-1,ʂɨni,21,false,expert,Valenzuela2023,,,
Yam-20_fat-1-1,Yam-20_fat-1,ʂɨnĩ,21,false,expert,Valenzuela2023,,,
Chan-20_fat-1-1,Chan-20_fat-1,ʃɨdi,21,false,expert,Valenzuela2023,,,
Shar-20_fat-1-1,Shar-20_fat-1,ʂɨni,21,false,expert,Valenzuela2023,,,
ProPa-21_fingernail-1-1,ProPa-21_fingernail-1,mɨ̃,22,false,expert,Valenzuela2023,,,
Ksh-21_fingernail-1-1,Ksh-21_fingernail-1,Untsis,22,false,expert,Valenzuela2023,,,
SK-21_fingernail-1-1,SK-21_fingernail-1,mɨ̃ntsis,22,false,expert,Valenzuela2023,,,
Kap-21_fingernail-1-1,Kap-21_fingernail-1,mɨ̃ntsis,22,false,expert,Valenzuela2023,,,
Mar-21_fingernail-1-1,Mar-21_fingernail-1,mɨ̃tsisi,22,false,expert,Valenzuela2023,,,
Chak-21_fingernail-1-1,Chak-21_fingernail-1,mɨ̃tsis,22,false,expert,Valenzuela2023,,,
Kax-21_fingernail-1-1,Kax-21_fingernail-1,mɨ̃tʃisi,22,false,expert,Valenzuela2023,,,
Yam-21_fingernail-1-1,Yam-21_fingernail-1,mitsis,22,false,expert,Valenzuela2023,,,
Chan-21_fingernail-1-1,Chan-21_fingernail-1,bitsis,22,false,expert,Valenzuela2023,,,
Shar-21_fingernail-1-1,Shar-21_fingernail-1,mɨtsisi,22,false,expert,Valenzuela2023,,,
ProPa-22_footleg-1-1,ProPa-22_footleg-1,ta,25,false,expert,Valenzuela2023,,,
Ksh-22_footleg-1-1,Ksh-22_footleg-1,taɨ,25,false,expert,Valenzuela2023,,,
SK-22_footleg-1-1,SK-22_footleg-1,taɨ,25,false,expert,Valenzuela2023,,,
Kap-22_footleg-1-1,Kap-22_footleg-1,taʔɨ,25,false,expert,Valenzuela2023,,,
Mar-22_footleg-1-1,Mar-22_footleg-1,taɨ,25,false,expert,Valenzuela2023,,,
Chak-22_footleg-1-1,Chak-22_footleg-1,taʔɨ,25,false,expert,Valenzuela2023,,,
Kax-22_footleg-1-1,Kax-22_footleg-1,taʔɨ,25,false,expert,Valenzuela2023,,,
Yam-22_footleg-1-1,Yam-22_footleg-1,taɨ,25,false,expert,Valenzuela2023,,,
Chan-22_footleg-1-1,Chan-22_footleg-1,taɨ,25,false,expert,Valenzuela2023,,,
Shar-22_footleg-1-1,Shar-22_footleg-1,taɨ,25,false,expert,Valenzuela2023,,,
ProPa-23_lipedge-1-1,ProPa-23_lipedge-1,kʷɨ,33,false,expert,Valenzuela2023,,,
Ksh-23_lipedge-1-1,Ksh-23_lipedge-1,kʷɨβi,33,false,expert,Valenzuela2023,,,
SK-23_lipedge-1-1,SK-23_lipedge-1,kɨβi,33,false,expert,Valenzuela2023,,,
Chak-23_lipedge-1-1,Chak-23_lipedge-1,kɨβitʃi,33,false,expert,Valenzuela2023,,,
Shar-23_lipedge-1-1,Shar-23_lipedge-1,kuɸirisika,33,false,expert,Valenzuela2023,,,
ProPa-24_cheek-1-1,ProPa-24_cheek-1,tamo,10,false,expert,Valenzuela2023,,,
Ksh-24_cheek-1-1,Ksh-24_cheek-1,tamo,10,false,expert,Valenzuela2023,,,
SK-24_cheek-1-1,SK-24_cheek-1,tamo,10,false,expert,Valenzuela2023,,,
Kap-24_cheek-1-1,Kap-24_cheek-1,tamo,10,false,expert,Valenzuela2023,,,
Mar-24_cheek-1-1,Mar-24_cheek-1,tambo,10,false,expert,Valenzuela2023,,,
Chak-24_cheek-1-1,Chak-24_cheek-1,tamo,10,false,expert,Valenzuela2023,,,
Kax-24_cheek-1-1,Kax-24_cheek-1,tamu,10,false,expert,Valenzuela2023,,,
Yam-24_cheek-1-1,Yam-24_cheek-1,tamo,10,false,expert,Valenzuela2023,,,
Shar-24_cheek-1-1,Shar-24_cheek-1,tamo,10,false,expert,Valenzuela2023,,,
ProPa-25_mouth-1-1,ProPa-25_mouth-1,kʷɨʂa,36,false,expert,Valenzuela2023,,,
Ksh-25_mouth-1-1,Ksh-25_mouth-1,kʷɨʂa,36,false,expert,Valenzuela2023,,,
SK-25_mouth-1-1,SK-25_mouth-1,kɨʂa,36,false,expert,Valenzuela2023,,,
Kap-25_mouth-1-1,Kap-25_mouth-1,kɨʂa,36,false,expert,Valenzuela2023,,,
Mar-25_mouth-1-1,Mar-25_mouth-1,kɨʃa,36,false,expert,Valenzuela2023,,,
Kax-25_mouth-1-1,Kax-25_mouth-1,kɨʂaka,36,false,expert,Valenzuela2023,,,
Yam-25_mouth-1-1,Yam-25_mouth-1,kɨʂã,36,false,expert,Valenzuela2023,,,
Chan-25_mouth-1-1,Chan-25_mouth-1,kɨʃa,36,false,expert,Valenzuela2023,,,
Shar-25_mouth-1-1,Shar-25_mouth-1,kɨʂa,36,false,expert,Valenzuela2023,,,
ProPa-26_elbow-1-1,ProPa-26_elbow-1,βaʂ,20,false,expert,Valenzuela2023,,,
Ksh-26_elbow-1-1,Ksh-26_elbow-1,banbuxu,20,false,expert,Valenzuela2023,,,
SK-26_elbow-1-1,SK-26_elbow-1,põtõko,20,false,expert,Valenzuela2023,,,
Kap-26_elbow-1-1,Kap-26_elbow-1,baʂpoʂko,20,false,expert,Valenzuela2023,,,
Chak-26_elbow-1-1,Chak-26_elbow-1,baspoto,20,false,expert,Valenzuela2023,,,
Kax-26_elbow-1-1,Kax-26_elbow-1,paxuxu,20,false,expert,Valenzuela2023,,,
Yam-26_elbow-1-1,Yam-26_elbow-1,po,20,false,expert,Valenzuela2023,,,
Shan-1_tree-1-1,Shan-1_tree-1,iwi,47,false,expert,Valenzuela2023,,,
Kat-1_tree-1-1,Kat-1_tree-1,hiwi,47,false,expert,Valenzuela2023,,,
Poy-1_tree-1-1,Poy-1_tree-1,iwi,47,false,expert,Valenzuela2023,,,
Ama-1_tree-1-1,Ama-1_tree-1,hiː,47,false,expert,Valenzuela2023,,,
HanKax-1_tree-1-1,HanKax-1_tree-1,hi,47,false,expert,Valenzuela2023,,,
Maw-1_tree-1-1,Maw-1_tree-1,iwi,47,false,expert,Valenzuela2023,,,
Kor-1_tree-1-1,Kor-1_tree-1,iwi,47,false,expert,Valenzuela2023,,,
MatMay-1_tree-1-1,MatMay-1_tree-1,iwi,47,false,expert,Valenzuela2023,,,
Shan-2_tooth-1-1,Shan-2_tooth-1,ʂɨta,46,false,expert,Valenzuela2023,,,
Kat-2_tooth-1-1,Kat-2_tooth-1,ʂita,46,false,expert,Valenzuela2023,,,
Ama-2_tooth-1-1,Ama-2_tooth-1,xɨta,46,false,expert,Valenzuela2023,,,
HanKax-2_tooth-1-1,HanKax-2_tooth-1,ʂɨta,46,false,expert,Valenzuela2023,,,
Maw-2_tooth-1-1,Maw-2_tooth-1,ʂɨta,46,false,expert,Valenzuela2023,,,
Yaw-2_tooth-1-1,Yaw-2_tooth-1,ʂɨta,46,false,expert,Valenzuela2023,,,
Kor-2_tooth-1-1,Kor-2_tooth-1,ʂɨta,46,false,expert,Valenzuela2023,,,
Mat-2_tooth-1-1,Mat-2_tooth-1,ʂɨta,46,false,expert,Valenzuela2023,,,
MatMay-2_tooth-1-1,MatMay-2_tooth-1,ʂɨta,46,false,expert,Valenzuela2023,,,
Shan-3_two-1-1,Shan-3_two-1,rafu,48,false,expert,Valenzuela2023,,,
Kat-3_two-1-1,Kat-3_two-1,raβi,48,false,expert,Valenzuela2023,,,
Poy-3_two-1-1,Poy-3_two-1,raβu,48,false,expert,Valenzuela2023,,,
Ama-3_two-1-1,Ama-3_two-1,raβɨ,48,false,expert,Valenzuela2023,,,
Maw-3_two-1-1,Maw-3_two-1,raɸɨ,48,false,expert,Valenzuela2023,,,
Yaw-3_two-1-1,Yaw-3_two-1,raβɨ,48,false,expert,Valenzuela2023,,,
Kor-3_two-1-1,Kor-3_two-1,ɬaβɨtpa,48,false,expert,Valenzuela2023,,,
Mat-3_two-1-1,Mat-3_two-1,dabɨdpa,48,false,expert,Valenzuela2023,,,
MatMay-3_two-1-1,MatMay-3_two-1,daɨd,48,false,expert,Valenzuela2023,,,
Shan-4_liver-1-1,Shan-4_liver-1,taka,34,false,expert,Valenzuela2023,,,
Kat-4_liver-1-1,Kat-4_liver-1,taka,34,false,expert,Valenzuela2023,,,
Poy-4_liver-1-1,Poy-4_liver-1,taka,34,false,expert,Valenzuela2023,,,
Ama-4_liver-1-1,Ama-4_liver-1,taka,34,false,expert,Valenzuela2023,,,
HanKax-4_liver-1-1,HanKax-4_liver-1,taka,34,false,expert,Valenzuela2023,,,
Maw-4_liver-1-1,Maw-4_liver-1,taka,34,false,expert,Valenzuela2023,,,
Yaw-4_liver-1-1,Yaw-4_liver-1,taka,34,false,expert,Valenzuela2023,,,
Kor-4_liver-1-1,Kor-4_liver-1,takʷa,34,false,expert,Valenzuela2023,,,
Mat-4_liver-1-1,Mat-4_liver-1,takua,34,false,expert,Valenzuela2023,,,
MatMay-4_liver-1-1,MatMay-4_liver-1,takʷa,34,false,expert,Valenzuela2023,,,
Shan-5_leaf-1-1,Shan-5_leaf-1,pɨj,32,false,expert,Valenzuela2023,,,
Kat-5_leaf-1-1,Kat-5_leaf-1,pɨi,32,false,expert,Valenzuela2023,,,
Poy-5_leaf-1-1,Poy-5_leaf-1,puy,32,false,expert,Valenzuela2023,,,
Ama-5_leaf-1-1,Ama-5_leaf-1,pɨʔi,32,false,expert,Valenzuela2023,,,
HanKax-5_leaf-1-1,HanKax-5_leaf-1,pɨi,32,false,expert,Valenzuela2023,,,
Maw-5_leaf-1-1,Maw-5_leaf-1,pɨi,32,false,expert,Valenzuela2023,,,
Yaw-5_leaf-1-1,Yaw-5_leaf-1,pɨi,32,false,expert,Valenzuela2023,,,
Mat-5_leaf-1-1,Mat-5_leaf-1,pɨi,32,false,expert,Valenzuela2023,,,
MatMay-5_leaf-1-1,MatMay-5_leaf-1,pɨ,32,false,expert,Valenzuela2023,,,
Shan-6_bone-1-1,Shan-6_bone-1,ʂaw,5,false,expert,Valenzuela2023,,,
Kat-6_bone-1-1,Kat-6_bone-1,ʃau,5,false,expert,Valenzuela2023,,,
Poy-6_bone-1-1,Poy-6_bone-1,haw,5,false,expert,Valenzuela2023,,,
Ama-6_bone-1-1,Ama-6_bone-1,xao,5,false,expert,Valenzuela2023,,,
HanKax-6_bone-1-1,HanKax-6_bone-1,ʂau,5,false,expert,Valenzuela2023,,,
Maw-6_bone-1-1,Maw-6_bone-1,ʂao,5,false,expert,Valenzuela2023,,,
Yaw-6_bone-1-1,Yaw-6_bone-1,ʃau,5,false,expert,Valenzuela2023,,,
MatMay-6_bone-1-1,MatMay-6_bone-1,mɨ,5,false,expert,Valenzuela2023,,,
Shan-7_tongue-1-1,Shan-7_tongue-1,ana,45,false,expert,Valenzuela2023,,,
Kat-7_tongue-1-1,Kat-7_tongue-1,ana,45,false,expert,Valenzuela2023,,,
Poy-7_tongue-1-1,Poy-7_tongue-1,ãda,45,false,expert,Valenzuela2023,,,
Ama-7_tongue-1-1,Ama-7_tongue-1,hana,45,false,expert,Valenzuela2023,,,
HanKax-7_tongue-1-1,HanKax-7_tongue-1,hana,45,false,expert,Valenzuela2023,,,
Maw-7_tongue-1-1,Maw-7_tongue-1,ana,45,false,expert,Valenzuela2023,,,
Yaw-7_tongue-1-1,Yaw-7_tongue-1,anna,45,false,expert,Valenzuela2023,,,
Kor-7_tongue-1-1,Kor-7_tongue-1,ana,45,false,expert,Valenzuela2023,,,
Mat-7_tongue-1-1,Mat-7_tongue-1,ana,45,false,expert,Valenzuela2023,,,
Ama-8_hand-1-1,Ama-8_hand-1,mɨkɨ̃,28,false,expert,Valenzuela2023,,,
HanKax-8_hand-1-1,HanKax-8_hand-1,mɨkɨ̃,28,false,expert,Valenzuela2023,,,
Maw-8_hand-1-1,Maw-8_hand-1,mɨkɨ,28,false,expert,Valenzuela2023,,,
Mat-8_hand-1-1,Mat-8_hand-1,mɨkɨn,28,false,expert,Valenzuela2023,,,
MatMay-8_hand-1-1,MatMay-8_hand-1,mɨdante,28,false,expert,Valenzuela2023,,,
Shan-9_night-1-1,Shan-9_night-1,yamɨ,38,false,expert,Valenzuela2023,,,
Kat-9_night-1-1,Kat-9_night-1,yamɨ,38,false,expert,Valenzuela2023,,,
Poy-9_night-1-1,Poy-9_night-1,iãvu,38,false,expert,Valenzuela2023,,,
Ama-9_night-1-1,Ama-9_night-1,yamɨː,38,false,expert,Valenzuela2023,,,
HanKax-9_night-1-1,HanKax-9_night-1,yamɨ,38,false,expert,Valenzuela2023,,,
Maw-9_night-1-1,Maw-9_night-1,yamɨ,38,false,expert,Valenzuela2023,,,
Yaw-9_night-1-1,Yaw-9_night-1,iamɨ,38,false,expert,Valenzuela2023,,,
Kor-9_night-1-1,Kor-9_night-1,imɨt,38,false,expert,Valenzuela2023,,,
Mat-9_night-1-1,Mat-9_night-1,imɨd,38,false,expert,Valenzuela2023,,,
Shan-10_skin-1-1,Shan-10_skin-1,fitʃi,41,false,expert,Valenzuela2023,,,
HanKax-10_skin-1-1,HanKax-10_skin-1,bitʃi,41,false,expert,Valenzuela2023,,,
Maw-10_skin-1-1,Maw-10_skin-1,ɸitʃi,41,false,expert,Valenzuela2023,,,
Yaw-10_skin-1-1,Yaw-10_skin-1,βɨtʃi,41,false,expert,Valenzuela2023,,,
Mat-10_skin-1-1,Mat-10_skin-1,bitsi,41,false,expert,Valenzuela2023,,,
MatMay-10_skin-1-1,MatMay-10_skin-1,bitsi,41,false,expert,Valenzuela2023,,,
Shan-11_fire-1-1,Shan-11_fire-1,tʃi,23,false,expert,Valenzuela2023,,,
Kat-11_fire-1-1,Kat-11_fire-1,tʃii,23,false,expert,Valenzuela2023,,,
Ama-11_fire-1-1,Ama-11_fire-1,tʃiʔi,23,false,expert,Valenzuela2023,,,
HanKax-11_fire-1-1,HanKax-11_fire-1,tʃi,23,false,expert,Valenzuela2023,,,
Maw-11_fire-1-1,Maw-11_fire-1,tʃi,23,false,expert,Valenzuela2023,,,
Yaw-11_fire-1-1,Yaw-11_fire-1,tʃi,23,false,expert,Valenzuela2023,,,
Kat-12_knee-1-1,Kat-12_knee-1,raβɨʂo,31,false,expert,Valenzuela2023,,,
Ama-12_knee-1-1,Ama-12_knee-1,rawoxko,31,false,expert,Valenzuela2023,,,
Shan-13_blood-1-1,Shan-13_blood-1,imi,4,false,expert,Valenzuela2023,,,
Kat-13_blood-1-1,Kat-13_blood-1,himi,4,false,expert,Valenzuela2023,,,
Poy-13_blood-1-1,Poy-13_blood-1,ibi,4,false,expert,Valenzuela2023,,,
Ama-13_blood-1-1,Ama-13_blood-1,himi,4,false,expert,Valenzuela2023,,,
HanKax-13_blood-1-1,HanKax-13_blood-1,himi,4,false,expert,Valenzuela2023,,,
Maw-13_blood-1-1,Maw-13_blood-1,imi,4,false,expert,Valenzuela2023,,,
Yaw-13_blood-1-1,Yaw-13_blood-1,imi,4,false,expert,Valenzuela2023,,,
Kor-13_blood-1-1,Kor-13_blood-1,inta,4,false,expert,Valenzuela2023,,,
Mat-13_blood-1-1,Mat-13_blood-1,imi,4,false,expert,Valenzuela2023,,,
MatMay-13_blood-1-1,MatMay-13_blood-1,imi,4,false,expert,Valenzuela2023,,,
Shan-14_breast-1-1,Shan-14_breast-1,ʂuma,6,false,expert,Valenzuela2023,,,
Kat-14_breast-1-1,Kat-14_breast-1,ʃuma,6,false,expert,Valenzuela2023,,,
Poy-14_breast-1-1,Poy-14_breast-1,hũba,6,false,expert,Valenzuela2023,,,
Ama-14_breast-1-1,Ama-14_breast-1,xoma,6,false,expert,Valenzuela2023,,,
HanKax-14_breast-1-1,HanKax-14_breast-1,ʂuma,6,false,expert,Valenzuela2023,,,
Maw-14_breast-1-1,Maw-14_breast-1,ʂoma,6,false,expert,Valenzuela2023,,,
Yaw-14_breast-1-1,Yaw-14_breast-1,ʃuma,6,false,expert,Valenzuela2023,,,
Kor-14_breast-1-1,Kor-14_breast-1,ʂuma,6,false,expert,Valenzuela2023,,,
Mat-14_breast-1-1,Mat-14_breast-1,ʂuma,6,false,expert,Valenzuela2023,,,
MatMay-14_breast-1-1,MatMay-14_breast-1,ʂuma,6,false,expert,Valenzuela2023,,,
Shan-15_sun-1-1,Shan-15_sun-1,faɾi,42,false,expert,Valenzuela2023,,,
Kat-15_sun-1-1,Kat-15_sun-1,βaɾi,42,false,expert,Valenzuela2023,,,
Poy-15_sun-1-1,Poy-15_sun-1,βaɾi,42,false,expert,Valenzuela2023,,,
Ama-15_sun-1-1,Ama-15_sun-1,bari,42,false,expert,Valenzuela2023,,,
HanKax-15_sun-1-1,HanKax-15_sun-1,badi,42,false,expert,Valenzuela2023,,,
Maw-15_sun-1-1,Maw-15_sun-1,ɸaɾi,42,false,expert,Valenzuela2023,,,
Yaw-15_sun-1-1,Yaw-15_sun-1,βaɾi,42,false,expert,Valenzuela2023,,,
Kor-15_sun-1-1,Kor-15_sun-1,βaɬi,42,false,expert,Valenzuela2023,,,
Mat-15_sun-1-1,Mat-15_sun-1,badi,42,false,expert,Valenzuela2023,,,
MatMay-15_sun-1-1,MatMay-15_sun-1,badiad,42,false,expert,Valenzuela2023,,,
Ama-16_you-1-1,Ama-16_you-1,miya,49,false,expert,Valenzuela2023,,,
HanKax-16_you-1-1,HanKax-16_you-1,mia,49,false,expert,Valenzuela2023,,,
Maw-16_you-1-1,Maw-16_you-1,mia,49,false,expert,Valenzuela2023,,,
Kor-16_you-1-1,Kor-16_you-1,mi,49,false,expert,Valenzuela2023,,,
Mat-16_you-1-1,Mat-16_you-1,mi_,49,false,expert,Valenzuela2023,,,
MatMay-16_you-1-1,MatMay-16_you-1,mi_,49,false,expert,Valenzuela2023,,,
Ama-17_come-1-1,Ama-17_come-1,βɨ,11,false,expert,Valenzuela2023,,,
HanKax-17_come-1-1,HanKax-17_come-1,bɨ,11,false,expert,Valenzuela2023,,,
Maw-17_come-1-1,Maw-17_come-1,ɸɨ,11,false,expert,Valenzuela2023,,,
Yaw-17_come-1-1,Yaw-17_come-1,βɨ,11,false,expert,Valenzuela2023,,,
Kor-17_come-1-1,Kor-17_come-1,βɨ,11,false,expert,Valenzuela2023,,,
Mat-17_come-1-1,Mat-17_come-1,βɨ,11,false,expert,Valenzuela2023,,,
MatMay-17_come-1-1,MatMay-17_come-1,bɨ,11,false,expert,Valenzuela2023,,,
Ama-18_i-1-1,Ama-18_i-1,ɨ,29,false,expert,Valenzuela2023,,,
HanKax-18_i-1-1,HanKax-18_i-1,ɨ,29,false,expert,Valenzuela2023,,,
Maw-18_i-1-1,Maw-18_i-1,ɨ,29,false,expert,Valenzuela2023,,,
Shan-19_flesh-1-1,Shan-19_flesh-1,nami,24,false,expert,Valenzuela2023,,,
Kat-19_flesh-1-1,Kat-19_flesh-1,nami,24,false,expert,Valenzuela2023,,,
Poy-19_flesh-1-1,Poy-19_flesh-1,nãbi,24,false,expert,Valenzuela2023,,,
Ama-19_flesh-1-1,Ama-19_flesh-1,nami,24,false,expert,Valenzuela2023,,,
HanKax-19_flesh-1-1,HanKax-19_flesh-1,nami,24,false,expert,Valenzuela2023,,,
Maw-19_flesh-1-1,Maw-19_flesh-1,nami,24,false,expert,Valenzuela2023,,,
Yaw-19_flesh-1-1,Yaw-19_flesh-1,nami,24,false,expert,Valenzuela2023,,,
Mat-19_flesh-1-1,Mat-19_flesh-1,nami,24,false,expert,Valenzuela2023,,,
MatMay-19_flesh-1-1,MatMay-19_flesh-1,nami,24,false,expert,Valenzuela2023,,,
Shan-20_fat-1-1,Shan-20_fat-1,ʂɨni,21,false,expert,Valenzuela2023,,,
Kat-20_fat-1-1,Kat-20_fat-1,ʃɨni,21,false,expert,Valenzuela2023,,,
Poy-20_fat-1-1,Poy-20_fat-1,hãdi,21,false,expert,Valenzuela2023,,,
Ama-20_fat-1-1,Ama-20_fat-1,xɨni,21,false,expert,Valenzuela2023,,,
HanKax-20_fat-1-1,HanKax-20_fat-1,ʂɨni,21,false,expert,Valenzuela2023,,,
Maw-20_fat-1-1,Maw-20_fat-1,ʂɨni,21,false,expert,Valenzuela2023,,,
Yaw-20_fat-1-1,Yaw-20_fat-1,ʂɨni,21,false,expert,Valenzuela2023,,,
Kor-20_fat-1-1,Kor-20_fat-1,ʃɨni,21,false,expert,Valenzuela2023,,,
Mat-20_fat-1-1,Mat-20_fat-1,ʂɨni,21,false,expert,Valenzuela2023,,,
Shan-21_fingernail-1-1,Shan-21_fingernail-1,mɨtʃiʃi,22,false,expert,Valenzuela2023,,,
Kat-21_fingernail-1-1,Kat-21_fingernail-1,mɨ̃tʃiʃi,22,false,expert,Valenzuela2023,,,
Ama-21_fingernail-1-1,Ama-21_fingernail-1,mɨntsis,22,false,expert,Valenzuela2023,,,
HanKax-21_fingernail-1-1,HanKax-21_fingernail-1,mɨ̃tsis,22,false,expert,Valenzuela2023,,,
Maw-21_fingernail-1-1,Maw-21_fingernail-1,mɨ̃tsisi,22,false,expert,Valenzuela2023,,,
Yaw-21_fingernail-1-1,Yaw-21_fingernail-1,mɨtsisi,22,false,expert,Valenzuela2023,,,
Kor-21_fingernail-1-1,Kor-21_fingernail-1,mɨtʃiun,22,false,expert,Valenzuela2023,,,
Mat-21_fingernail-1-1,Mat-21_fingernail-1,mɨntis,22,false,expert,Valenzuela2023,,,
MatMay-21_fingernail-1-1,MatMay-21_fingernail-1,mɨntsis,22,false,expert,Valenzuela2023,,,
Shan-22_footleg-1-1,Shan-22_footleg-1,taɨ,25,false,expert,Valenzuela2023,,,
Kat-22_footleg-1-1,Kat-22_footleg-1,taɨ,25,false,expert,Valenzuela2023,,,
Poy-22_footleg-1-1,Poy-22_footleg-1,tay,25,false,expert,Valenzuela2023,,,
Ama-22_footleg-1-1,Ama-22_footleg-1,taʔɨ,25,false,expert,Valenzuela2023,,,
HanKax-22_footleg-1-1,HanKax-22_footleg-1,taɨ,25,false,expert,Valenzuela2023,,,
Maw-22_footleg-1-1,Maw-22_footleg-1,taɨ,25,false,expert,Valenzuela2023,,,
Yaw-22_footleg-1-1,Yaw-22_footleg-1,tai,25,false,expert,Valenzuela2023,,,
Kor-22_footleg-1-1,Kor-22_footleg-1,taɨ,25,false,expert,Valenzuela2023,,,
Mat-22_footleg-1-1,Mat-22_footleg-1,taɨ,25,false,expert,Valenzuela2023,,,
MatMay-22_footleg-1-1,MatMay-22_footleg-1,taɨ,25,false,expert,Valenzuela2023,,,
HanKax-23_lipedge-1-1,HanKax-23_lipedge-1,kɨbitʃi,33,false,expert,Valenzuela2023,,,
MatMay-23_lipedge-1-1,MatMay-23_lipedge-1,kwibi,33,false,expert,Valenzuela2023,,,
Kat-24_cheek-1-1,Kat-24_cheek-1,tamu,10,false,expert,Valenzuela2023,,,
Poy-24_cheek-1-1,Poy-24_cheek-1,tãbu,10,false,expert,Valenzuela2023,,,
Ama-24_cheek-1-1,Ama-24_cheek-1,tamo,10,false,expert,Valenzuela2023,,,
HanKax-24_cheek-1-1,HanKax-24_cheek-1,tamu,10,false,expert,Valenzuela2023,,,
Maw-24_cheek-1-1,Maw-24_cheek-1,tamo,10,false,expert,Valenzuela2023,,,
MatMay-24_cheek-1-1,MatMay-24_cheek-1,tambu,10,false,expert,Valenzuela2023,,,
Shan-25_mouth-1-1,Shan-25_mouth-1,kɨʂa,36,false,expert,Valenzuela2023,,,
Kat-25_mouth-1-1,Kat-25_mouth-1,kɨʂa,36,false,expert,Valenzuela2023,,,
Poy-25_mouth-1-1,Poy-25_mouth-1,kɨxaa,36,false,expert,Valenzuela2023,,,
Ama-25_mouth-1-1,Ama-25_mouth-1,kɨʂa,36,false,expert,Valenzuela2023,,,
HanKax-25_mouth-1-1,HanKax-25_mouth-1,kɨʂ̃a,36,false,expert,Valenzuela2023,,,
Maw-25_mouth-1-1,Maw-25_mouth-1,kɨʃa,36,false,expert,Valenzuela2023,,,
Yaw-25_mouth-1-1,Yaw-25_mouth-1,kɨha,36,false,expert,Valenzuela2023,,,
Ama-26_elbow-1-1,Ama-26_elbow-1,vapoxko,20,false,expert,Valenzuela2023,,,
HanKax-26_elbow-1-1,HanKax-26_elbow-1,baʂtunku,20,false,expert,Valenzuela2023,,,
Mat-26_elbow-1-1,Mat-26_elbow-1,mɨntʂinβuru,20,false,expert,Valenzuela2023,,,
MatMay-26_elbow-1-1,MatMay-26_elbow-1,mɨntsimpis,20,false,expert,Valenzuela2023,,,
ProTa-1_tree-1-1,ProTa-1_tree-1,akʷi,47,false,expert,Valenzuela2023,,,
Tac-1_tree-1-1,Tac-1_tree-1,aki,47,false,expert,Valenzuela2023,,,
ReyMar-1_tree-1-1,ReyMar-1_tree-1,ekená,47,false,expert,Valenzuela2023,,,
Aro-1_tree-1-1,Aro-1_tree-1,acui,47,false,expert,Valenzuela2023,,,
Mab-1_tree-1-1,Mab-1_tree-1,akwi,47,false,expert,Valenzuela2023,,,
Cav-1_tree-1-1,Cav-1_tree-1,akwi,47,false,expert,Valenzuela2023,,,
Ese-1_tree-1-1,Ese-1_tree-1,akwi,47,false,expert,Valenzuela2023,,,
War-1_tree-1-1,War-1_tree-1,akwi,47,false,expert,Valenzuela2023,,,
Ara-1_tree-1-1,Ara-1_tree-1,akui,47,false,expert,Valenzuela2023,,,
ProTa-2_tooth-1-1,ProTa-2_tooth-1,e,46,false,expert,Valenzuela2023,,,
ReyMar-2_tooth-1-1,ReyMar-2_tooth-1,e,46,false,expert,Valenzuela2023,,,
Sap-2_tooth-1-1,Sap-2_tooth-1,echee,46,false,expert,Valenzuela2023,,,
Mab-2_tooth-1-1,Mab-2_tooth-1,itsi,46,false,expert,Valenzuela2023,,,
Cav-2_tooth-1-1,Cav-2_tooth-1,e,46,false,expert,Valenzuela2023,,,
Ese-2_tooth-1-1,Ese-2_tooth-1,e,46,false,expert,Valenzuela2023,,,
War-2_tooth-1-1,War-2_tooth-1,e,46,false,expert,Valenzuela2023,,,
Tia-2_tooth-1-1,Tia-2_tooth-1,ese,46,false,expert,Valenzuela2023,,,
Cham-2_tooth-1-1,Cham-2_tooth-1,e,46,false,expert,Valenzuela2023,,,
Ara-2_tooth-1-1,Ara-2_tooth-1,ese,46,false,expert,Valenzuela2023,,,
ProTa-3_two-1-1,ProTa-3_two-1,beta,48,false,expert,Valenzuela2023,,,
Tac-3_two-1-1,Tac-3_two-1,beta,48,false,expert,Valenzuela2023,,,
ReyMar-3_two-1-1,ReyMar-3_two-1,mbeta,48,false,expert,Valenzuela2023,,,
Sap-3_two-1-1,Sap-3_two-1,beta,48,false,expert,Valenzuela2023,,,
Aro-3_two-1-1,Aro-3_two-1,beta,48,false,expert,Valenzuela2023,,,
Cav-3_two-1-1,Cav-3_two-1,beta,48,false,expert,Valenzuela2023,,,
Ese-3_two-1-1,Ese-3_two-1,beka,48,false,expert,Valenzuela2023,,,
War-3_two-1-1,War-3_two-1,beabué,48,false,expert,Valenzuela2023,,,
Tia-3_two-1-1,Tia-3_two-1,bikapiai,48,false,expert,Valenzuela2023,,,
Cham-3_two-1-1,Cham-3_two-1,béka,48,false,expert,Valenzuela2023,,,
ProTa-4_liver-1-1,ProTa-4_liver-1,takʷa,34,false,expert,Valenzuela2023,,,
Tac-4_liver-1-1,Tac-4_liver-1,e,34,false,expert,Valenzuela2023,,,
ReyMar-4_liver-1-1,ReyMar-4_liver-1,e,34,false,expert,Valenzuela2023,,,
Cav-4_liver-1-1,Cav-4_liver-1,e,34,false,expert,Valenzuela2023,,,
Ese-4_liver-1-1,Ese-4_liver-1,e,34,false,expert,Valenzuela2023,,,
War-4_liver-1-1,War-4_liver-1,e,34,false,expert,Valenzuela2023,,,
Ara-4_liver-1-1,Ara-4_liver-1,etákua,34,false,expert,Valenzuela2023,,,
ProTa-27_tofan-1-1,ProTa-27_tofan-1,pei,44,false,expert,Valenzuela2023,,,
Cav-27_tofan-1-1,Cav-27_tofan-1,pei,44,false,expert,Valenzuela2023,,,
Ese-27_tofan-1-1,Ese-27_tofan-1,e,44,false,expert,Valenzuela2023,,,
War-27_tofan-1-1,War-27_tofan-1,pio,44,false,expert,Valenzuela2023,,,
ProTa-6_bone-1-1,ProTa-6_bone-1,tʂau,5,false,expert,Valenzuela2023,,,
Tac-6_bone-1-1,Tac-6_bone-1,e,5,false,expert,Valenzuela2023,,,
ReyMar-6_bone-1-1,ReyMar-6_bone-1,e,5,false,expert,Valenzuela2023,,,
Cav-6_bone-1-1,Cav-6_bone-1,e,5,false,expert,Valenzuela2023,,,
Ese-6_bone-1-1,Ese-6_bone-1,e,5,false,expert,Valenzuela2023,,,
War-6_bone-1-1,War-6_bone-1,e,5,false,expert,Valenzuela2023,,,
ProTa-7_tongue-1-1,ProTa-7_tongue-1,ana,45,false,expert,Valenzuela2023,,,
Tac-7_tongue-1-1,Tac-7_tongue-1,y,45,false,expert,Valenzuela2023,,,
ReyMar-7_tongue-1-1,ReyMar-7_tongue-1,y,45,false,expert,Valenzuela2023,,,
Sap-7_tongue-1-1,Sap-7_tongue-1,eana,45,false,expert,Valenzuela2023,,,
Cav-7_tongue-1-1,Cav-7_tongue-1,y,45,false,expert,Valenzuela2023,,,
Ese-7_tongue-1-1,Ese-7_tongue-1,eyana,45,false,expert,Valenzuela2023,,,
War-7_tongue-1-1,War-7_tongue-1,y,45,false,expert,Valenzuela2023,,,
Tia-7_tongue-1-1,Tia-7_tongue-1,yana,45,false,expert,Valenzuela2023,,,
Ara-7_tongue-1-1,Ara-7_tongue-1,eána,45,false,expert,Valenzuela2023,,,
ProTa-8_hand-1-1,ProTa-8_hand-1,me,28,false,expert,Valenzuela2023,,,
Tac-8_hand-1-1,Tac-8_hand-1,e,28,false,expert,Valenzuela2023,,,
ReyMar-8_hand-1-1,ReyMar-8_hand-1,emechuja,28,false,expert,Valenzuela2023,,,
Sap-8_hand-1-1,Sap-8_hand-1,eme,28,false,expert,Valenzuela2023,,,
Aro-8_hand-1-1,Aro-8_hand-1,eme,28,false,expert,Valenzuela2023,,,
Cav-8_hand-1-1,Cav-8_hand-1,e,28,false,expert,Valenzuela2023,,,
Ese-8_hand-1-1,Ese-8_hand-1,e,28,false,expert,Valenzuela2023,,,
War-8_hand-1-1,War-8_hand-1,e,28,false,expert,Valenzuela2023,,,
Ara-8_hand-1-1,Ara-8_hand-1,emã,28,false,expert,Valenzuela2023,,,
ProTa-28_nighttomorrow-1-1,ProTa-28_nighttomorrow-1,meta,39,false,expert,Valenzuela2023,,,
Tac-28_nighttomorrow-1-1,Tac-28_nighttomorrow-1,mueta,39,false,expert,Valenzuela2023,,,
ReyMar-28_nighttomorrow-1-1,ReyMar-28_nighttomorrow-1,maita,39,false,expert,Valenzuela2023,,,
Sap-28_nighttomorrow-1-1,Sap-28_nighttomorrow-1,maetahe,39,false,expert,Valenzuela2023,,,
Cav-28_nighttomorrow-1-1,Cav-28_nighttomorrow-1,meta,39,false,expert,Valenzuela2023,,,
Ese-28_nighttomorrow-1-1,Ese-28_nighttomorrow-1,meka,39,false,expert,Valenzuela2023,,,
Ara-28_nighttomorrow-1-1,Ara-28_nighttomorrow-1,eméte,39,false,expert,Valenzuela2023,,,
ProTa-10_skin-1-1,ProTa-10_skin-1,biti,41,false,expert,Valenzuela2023,,,
Tac-10_skin-1-1,Tac-10_skin-1,e,41,false,expert,Valenzuela2023,,,
ReyMar-10_skin-1-1,ReyMar-10_skin-1,e,41,false,expert,Valenzuela2023,,,
Cav-10_skin-1-1,Cav-10_skin-1,e,41,false,expert,Valenzuela2023,,,
ProTa-11_fire-1-1,ProTa-11_fire-1,ti,23,false,expert,Valenzuela2023,,,
Tac-11_fire-1-1,Tac-11_fire-1,e,23,false,expert,Valenzuela2023,,,
ReyMar-11_fire-1-1,ReyMar-11_fire-1,ti,23,false,expert,Valenzuela2023,,,
Aro-11_fire-1-1,Aro-11_fire-1,etesi,23,false,expert,Valenzuela2023,,,
Cav-11_fire-1-1,Cav-11_fire-1,e,23,false,expert,Valenzuela2023,,,
ProTa-12_knee-1-1,ProTa-12_knee-1,da,31,false,expert,Valenzuela2023,,,
Tac-12_knee-1-1,Tac-12_knee-1,e,31,false,expert,Valenzuela2023,,,
ProTa-13_blood-1-1,ProTa-13_blood-1,ami,4,false,expert,Valenzuela2023,,,
Tac-13_blood-1-1,Tac-13_blood-1,ami,4,false,expert,Valenzuela2023,,,
ReyMar-13_blood-1-1,ReyMar-13_blood-1,ami,4,false,expert,Valenzuela2023,,,
Cav-13_blood-1-1,Cav-13_blood-1,ami,4,false,expert,Valenzuela2023,,,
ProTa-14_breast-1-1,ProTa-14_breast-1,aṭṣu,6,false,expert,Valenzuela2023,,,
ProTa-29_moon-1-1,ProTa-29_moon-1,badi,35,false,expert,Valenzuela2023,,,
Tac-29_moon-1-1,Tac-29_moon-1,badi,35,false,expert,Valenzuela2023,,,
ReyMar-29_moon-1-1,ReyMar-29_moon-1,mbandzi,35,false,expert,Valenzuela2023,,,
Sap-29_moon-1-1,Sap-29_moon-1,bari,35,false,expert,Valenzuela2023,,,
Aro-29_moon-1-1,Aro-29_moon-1,badi,35,false,expert,Valenzuela2023,,,
Cav-29_moon-1-1,Cav-29_moon-1,badi,35,false,expert,Valenzuela2023,,,
Ese-29_moon-1-1,Ese-29_moon-1,baʔi,35,false,expert,Valenzuela2023,,,
Cham-29_moon-1-1,Cham-29_moon-1,mái,35,false,expert,Valenzuela2023,,,
ProTa-16_you-1-1,ProTa-16_you-1,mi,49,false,expert,Valenzuela2023,,,
Tac-16_you-1-1,Tac-16_you-1,mi,49,false,expert,Valenzuela2023,,,
ReyMar-16_you-1-1,ReyMar-16_you-1,mibe,49,false,expert,Valenzuela2023,,,
Aro-16_you-1-1,Aro-16_you-1,mitya,49,false,expert,Valenzuela2023,,,
Cav-16_you-1-1,Cav-16_you-1,mi,49,false,expert,Valenzuela2023,,,
Ese-16_you-1-1,Ese-16_you-1,mi,49,false,expert,Valenzuela2023,,,
Ara-16_you-1-1,Ara-16_you-1,mikia,49,false,expert,Valenzuela2023,,,
ProTa-17_come-1-1,ProTa-17_come-1,be,11,false,expert,Valenzuela2023,,,
ProTa-18_i-1-1,ProTa-18_i-1,e,29,false,expert,Valenzuela2023,,,
Tac-18_i-1-1,Tac-18_i-1,e,29,false,expert,Valenzuela2023,,,
ReyMar-18_i-1-1,ReyMar-18_i-1,e,29,false,expert,Valenzuela2023,,,
Aro-18_i-1-1,Aro-18_i-1,ema,29,false,expert,Valenzuela2023,,,
Cav-18_i-1-1,Cav-18_i-1,e,29,false,expert,Valenzuela2023,,,
Ese-18_i-1-1,Ese-18_i-1,ea,29,false,expert,Valenzuela2023,,,
ProTa-19_flesh-1-1,ProTa-19_flesh-1,ɾami,24,false,expert,Valenzuela2023,,,
Tac-19_flesh-1-1,Tac-19_flesh-1,yami,24,false,expert,Valenzuela2023,,,
ReyMar-19_flesh-1-1,ReyMar-19_flesh-1,yami,24,false,expert,Valenzuela2023,,,
Aro-19_flesh-1-1,Aro-19_flesh-1,yami,24,false,expert,Valenzuela2023,,,
Cav-19_flesh-1-1,Cav-19_flesh-1,e,24,false,expert,Valenzuela2023,,,
Ese-19_flesh-1-1,Ese-19_flesh-1,eyami,24,false,expert,Valenzuela2023,,,
War-19_flesh-1-1,War-19_flesh-1,eyami,24,false,expert,Valenzuela2023,,,
Ara-19_flesh-1-1,Ara-19_flesh-1,éami,24,false,expert,Valenzuela2023,,,
ProTa-20_fat-1-1,ProTa-20_fat-1,ṭṣeri,21,false,expert,Valenzuela2023,,,
Tac-20_fat-1-1,Tac-20_fat-1,e,21,false,expert,Valenzuela2023,,,
Cav-20_fat-1-1,Cav-20_fat-1,e,21,false,expert,Valenzuela2023,,,
Ese-20_fat-1-1,Ese-20_fat-1,e,21,false,expert,Valenzuela2023,,,
Ara-20_fat-1-1,Ara-20_fat-1,ésey,21,false,expert,Valenzuela2023,,,
ProTa-21_fingernail-1-1,ProTa-21_fingernail-1,metiji,22,false,expert,Valenzuela2023,,,
Tac-21_fingernail-1-1,Tac-21_fingernail-1,e,22,false,expert,Valenzuela2023,,,
ReyMar-21_fingernail-1-1,ReyMar-21_fingernail-1,emechuja,22,false,expert,Valenzuela2023,,,
Cav-21_fingernail-1-1,Cav-21_fingernail-1,e,22,false,expert,Valenzuela2023,,,
Ese-21_fingernail-1-1,Ese-21_fingernail-1,e,22,false,expert,Valenzuela2023,,,
ProTa-22_footleg-1-1,ProTa-22_footleg-1,ta,25,false,expert,Valenzuela2023,,,
Tac-22_footleg-1-1,Tac-22_footleg-1,e,25,false,expert,Valenzuela2023,,,
Mab-22_footleg-1-1,Mab-22_footleg-1,itha,25,false,expert,Valenzuela2023,,,
Cav-22_footleg-1-1,Cav-22_footleg-1,awa,25,false,expert,Valenzuela2023,,,
ProTa-23_lipedge-1-1,ProTa-23_lipedge-1,kʷe,33,false,expert,Valenzuela2023,,,
Tac-23_lipedge-1-1,Tac-23_lipedge-1,e,33,false,expert,Valenzuela2023,,,
ReyMar-23_lipedge-1-1,ReyMar-23_lipedge-1,kwesa,33,false,expert,Valenzuela2023,,,
Cav-23_lipedge-1-1,Cav-23_lipedge-1,kwesa,33,false,expert,Valenzuela2023,,,
Ese-23_lipedge-1-1,Ese-23_lipedge-1,e,33,false,expert,Valenzuela2023,,,
ProTa-24_cheek-1-1,ProTa-24_cheek-1,tamu,10,false,expert,Valenzuela2023,,,
ReyMar-24_cheek-1-1,ReyMar-24_cheek-1,ebu,10,false,expert,Valenzuela2023,,,
Cav-24_cheek-1-1,Cav-24_cheek-1,tamu,10,false,expert,Valenzuela2023,,,
Ese-24_cheek-1-1,Ese-24_cheek-1,shemo,10,false,expert,Valenzuela2023,,,
ProTa-25_mouth-1-1,ProTa-25_mouth-1,kʷatʂa,36,false,expert,Valenzuela2023,,,
Tac-25_mouth-1-1,Tac-25_mouth-1,e,36,false,expert,Valenzuela2023,,,
ReyMar-25_mouth-1-1,ReyMar-25_mouth-1,e,36,false,expert,Valenzuela2023,,,
Sap-25_mouth-1-1,Sap-25_mouth-1,ecuacha,36,false,expert,Valenzuela2023,,,
Mab-25_mouth-1-1,Mab-25_mouth-1,ikwatsa,36,false,expert,Valenzuela2023,,,
Cav-25_mouth-1-1,Cav-25_mouth-1,e,36,false,expert,Valenzuela2023,,,
Ese-25_mouth-1-1,Ese-25_mouth-1,e,36,false,expert,Valenzuela2023,,,
War-25_mouth-1-1,War-25_mouth-1,e,36,false,expert,Valenzuela2023,,,
ProTa-26_elbow-1-1,ProTa-26_elbow-1,baṭṣu,20,false,expert,Valenzuela2023,,,
Tac-26_elbow-1-1,Tac-26_elbow-1,e,20,false,expert,Valenzuela2023,,,
ReyMar-26_elbow-1-1,ReyMar-26_elbow-1,e,20,false,expert,Valenzuela2023,,,
Ese-26_elbow-1-1,Ese-26_elbow-1,e,20,false,expert,Valenzuela2023,,,
War-26_elbow-1-1,War-26_elbow-1,e,20,false,expert,Valenzuela2023,,,
Tia-26_elbow-1-1,Tia-26_elbow-1,wacu,20,false,expert,Valenzuela2023,,,
Ara-26_elbow-1-1,Ara-26_elbow-1,ebaša,20,false,expert,Valenzuela2023,,,
ProPa-30_1stsgi-1-1,ProPa-30_1stsgi-1,ʔɨ,1,false,expert,Valenzuela2023,,,
Ksh-30_1stsgi-1-1,Ksh-30_1stsgi-1,ʔɨ,1,false,expert,Valenzuela2023,,,
SK-30_1stsgi-1-1,SK-30_1stsgi-1,ʔɨ,1,false,expert,Valenzuela2023,,,
Kap-30_1stsgi-1-1,Kap-30_1stsgi-1,ʔɨ,1,false,expert,Valenzuela2023,,,
Chak-30_1stsgi-1-1,Chak-30_1stsgi-1,ɨ,1,false,expert,Valenzuela2023,,,
Yam-30_1stsgi-1-1,Yam-30_1stsgi-1,ɨ̃,1,false,expert,Valenzuela2023,,,
ProPa-31_2ndsgyou-1-1,ProPa-31_2ndsgyou-1,mi,2,false,expert,Valenzuela2023,,,
Ksh-31_2ndsgyou-1-1,Ksh-31_2ndsgyou-1,mii,2,false,expert,Valenzuela2023,,,
SK-31_2ndsgyou-1-1,SK-31_2ndsgyou-1,mia,2,false,expert,Valenzuela2023,,,
Kap-31_2ndsgyou-1-1,Kap-31_2ndsgyou-1,mia,2,false,expert,Valenzuela2023,,,
Chak-31_2ndsgyou-1-1,Chak-31_2ndsgyou-1,mia,2,false,expert,Valenzuela2023,,,
Yam-31_2ndsgyou-1-1,Yam-31_2ndsgyou-1,mĩ,2,false,expert,Valenzuela2023,,,
ProPa-32_demonstrativedistal-1-1,ProPa-32_demonstrativedistal-1,ʔo,13,false,expert,Valenzuela2023,,,
Ksh-32_demonstrativedistal-1-1,Ksh-32_demonstrativedistal-1,un_,13,false,expert,Valenzuela2023,,,
SK-32_demonstrativedistal-1-1,SK-32_demonstrativedistal-1,oa,13,false,expert,Valenzuela2023,,,
Chak-32_demonstrativedistal-1-1,Chak-32_demonstrativedistal-1,oa,13,false,expert,Valenzuela2023,,,
Yam-32_demonstrativedistal-1-1,Yam-32_demonstrativedistal-1,oa,13,false,expert,Valenzuela2023,,,
ProPa-33_demonstrativeproximate-1-1,ProPa-33_demonstrativeproximate-1,nɨ,14,false,expert,Valenzuela2023,,,
Ksh-33_demonstrativeproximate-1-1,Ksh-33_demonstrativeproximate-1,ɨnɨn_,14,false,expert,Valenzuela2023,,,
SK-33_demonstrativeproximate-1-1,SK-33_demonstrativeproximate-1,nɨ,14,false,expert,Valenzuela2023,,,
Chak-33_demonstrativeproximate-1-1,Chak-33_demonstrativeproximate-1,noa,14,false,expert,Valenzuela2023,,,
Yam-33_demonstrativeproximate-1-1,Yam-33_demonstrativeproximate-1,na,14,false,expert,Valenzuela2023,,,
ProPa-34_genitive-1-1,ProPa-34_genitive-1,wɨ̃,26,false,expert,Valenzuela2023,,,
Ksh-34_genitive-1-1,Ksh-34_genitive-1,=n,26,false,expert,Valenzuela2023,,,
SK-34_genitive-1-1,SK-34_genitive-1,n,26,false,expert,Valenzuela2023,,,
Yam-34_genitive-1-1,Yam-34_genitive-1,na,26,false,expert,Valenzuela2023,,,
ProPa-35_imperative-1-1,ProPa-35_imperative-1,wɨ,30,false,expert,Valenzuela2023,,,
Ksh-35_imperative-1-1,Ksh-35_imperative-1,ɨ,30,false,expert,Valenzuela2023,,,
SK-35_imperative-1-1,SK-35_imperative-1,wɨ,30,false,expert,Valenzuela2023,,,
Kap-35_imperative-1-1,Kap-35_imperative-1,wɨ,30,false,expert,Valenzuela2023,,,
Mar-35_imperative-1-1,Mar-35_imperative-1,wɨ,30,false,expert,Valenzuela2023,,,
Chak-35_imperative-1-1,Chak-35_imperative-1,wɨ,30,false,expert,Valenzuela2023,,,
Kax-35_imperative-1-1,Kax-35_imperative-1,wɨ,30,false,expert,Valenzuela2023,,,
Yam-35_imperative-1-1,Yam-35_imperative-1,ɸɨ,30,false,expert,Valenzuela2023,,,
Shar-35_imperative-1-1,Shar-35_imperative-1,wɨ,30,false,expert,Valenzuela2023,,,
ProPa-36_goingdowndownward-1-1,ProPa-36_goingdowndownward-1,βut,27,false,expert,Valenzuela2023,,,
Ksh-36_goingdowndownward-1-1,Ksh-36_goingdowndownward-1,but,27,false,expert,Valenzuela2023,,,
ProPa-37_docoming-1-1,ProPa-37_docoming-1,βɨ,18,false,expert,Valenzuela2023,,,
Ksh-37_docoming-1-1,Ksh-37_docoming-1,bɨtsin,18,false,expert,Valenzuela2023,,,
SK-37_docoming-1-1,SK-37_docoming-1,bɨiran,18,false,expert,Valenzuela2023,,,
Chak-37_docoming-1-1,Chak-37_docoming-1,bɨna,18,false,expert,Valenzuela2023,,,
Yam-37_docoming-1-1,Yam-37_docoming-1,ɸɨran,18,false,expert,Valenzuela2023,,,
ProPa-38_desiderative-1-1,ProPa-38_desiderative-1,katsa,15,false,expert,Valenzuela2023,,,
Ksh-38_desiderative-1-1,Ksh-38_desiderative-1,kas,15,false,expert,Valenzuela2023,,,
SK-38_desiderative-1-1,SK-38_desiderative-1,kas,15,false,expert,Valenzuela2023,,,
Kap-38_desiderative-1-1,Kap-38_desiderative-1,katsiʔ,15,false,expert,Valenzuela2023,,,
Mar-38_desiderative-1-1,Mar-38_desiderative-1,katsi,15,false,expert,Valenzuela2023,,,
Chak-38_desiderative-1-1,Chak-38_desiderative-1,kas,15,false,expert,Valenzuela2023,,,
Kax-38_desiderative-1-1,Kax-38_desiderative-1,katsa,15,false,expert,Valenzuela2023,,,
Yam-38_desiderative-1-1,Yam-38_desiderative-1,kasma,15,false,expert,Valenzuela2023,,,
Shar-38_desiderative-1-1,Shar-38_desiderative-1,kas,15,false,expert,Valenzuela2023,,,
ProPa-39_negative-1-1,ProPa-39_negative-1,yáma,37,false,expert,Valenzuela2023,,,
Ksh-39_negative-1-1,Ksh-39_negative-1,ma,37,false,expert,Valenzuela2023,,,
SK-39_negative-1-1,SK-39_negative-1,yama,37,false,expert,Valenzuela2023,,,
Kap-39_negative-1-1,Kap-39_negative-1,yama,37,false,expert,Valenzuela2023,,,
Mar-39_negative-1-1,Mar-39_negative-1,ma,37,false,expert,Valenzuela2023,,,
Chak-39_negative-1-1,Chak-39_negative-1,yama,37,false,expert,Valenzuela2023,,,
Kax-39_negative-1-1,Kax-39_negative-1,ma,37,false,expert,Valenzuela2023,,,
Yam-39_negative-1-1,Yam-39_negative-1,maa,37,false,expert,Valenzuela2023,,,
Shar-39_negative-1-1,Shar-39_negative-1,ma,37,false,expert,Valenzuela2023,,,
ProPa-40_causative-1-1,ProPa-40_causative-1,ma,7,false,expert,Valenzuela2023,,,
Ksh-40_causative-1-1,Ksh-40_causative-1,mi,7,false,expert,Valenzuela2023,,,
SK-40_causative-1-1,SK-40_causative-1,ma,7,false,expert,Valenzuela2023,,,
Kap-40_causative-1-1,Kap-40_causative-1,ma,7,false,expert,Valenzuela2023,,,
Mar-40_causative-1-1,Mar-40_causative-1,ma,7,false,expert,Valenzuela2023,,,
Chak-40_causative-1-1,Chak-40_causative-1,ma,7,false,expert,Valenzuela2023,,,
Yam-40_causative-1-1,Yam-40_causative-1,ma,7,false,expert,Valenzuela2023,,,
Shar-40_causative-1-1,Shar-40_causative-1,ma,7,false,expert,Valenzuela2023,,,
ProPa-41_augmentative-1-1,ProPa-41_augmentative-1,pa,3,false,expert,Valenzuela2023,,,
SK-41_augmentative-1-1,SK-41_augmentative-1,n_ewá,3,false,expert,Valenzuela2023,,,
Kap-41_augmentative-1-1,Kap-41_augmentative-1,ahhuan,3,false,expert,Valenzuela2023,,,
Chak-41_augmentative-1-1,Chak-41_augmentative-1,wa,3,false,expert,Valenzuela2023,,,
Yam-41_augmentative-1-1,Yam-41_augmentative-1,nfã,3,false,expert,Valenzuela2023,,,
ProPa-42_dotrauxiliarytr-1-1,ProPa-42_dotrauxiliarytr-1,ʔak,17,false,expert,Valenzuela2023,,,
Ksh-42_dotrauxiliarytr-1-1,Ksh-42_dotrauxiliarytr-1,ʔa,17,false,expert,Valenzuela2023,,,
SK-42_dotrauxiliarytr-1-1,SK-42_dotrauxiliarytr-1,ʔa,17,false,expert,Valenzuela2023,,,
Kap-42_dotrauxiliarytr-1-1,Kap-42_dotrauxiliarytr-1,ʔa,17,false,expert,Valenzuela2023,,,
Mar-42_dotrauxiliarytr-1-1,Mar-42_dotrauxiliarytr-1,a,17,false,expert,Valenzuela2023,,,
Chak-42_dotrauxiliarytr-1-1,Chak-42_dotrauxiliarytr-1,ʔa,17,false,expert,Valenzuela2023,,,
Kax-42_dotrauxiliarytr-1-1,Kax-42_dotrauxiliarytr-1,a,17,false,expert,Valenzuela2023,,,
Yam-42_dotrauxiliarytr-1-1,Yam-42_dotrauxiliarytr-1,ak,17,false,expert,Valenzuela2023,,,
Chan-42_dotrauxiliarytr-1-1,Chan-42_dotrauxiliarytr-1,a,17,false,expert,Valenzuela2023,,,
Shar-42_dotrauxiliarytr-1-1,Shar-42_dotrauxiliarytr-1,a,17,false,expert,Valenzuela2023,,,
ProPa-43_transitivizer-1-1,ProPa-43_transitivizer-1,wa,43,false,expert,Valenzuela2023,,,
Ksh-43_transitivizer-1-1,Ksh-43_transitivizer-1,ɔ,43,false,expert,Valenzuela2023,,,
Chak-43_transitivizer-1-1,Chak-43_transitivizer-1,wa,43,false,expert,Valenzuela2023,,,
ProPa-44_detransitivizerreflexive-1-1,ProPa-44_detransitivizerreflexive-1,t,16,false,expert,Valenzuela2023,,,
Ksh-44_detransitivizerreflexive-1-1,Ksh-44_detransitivizerreflexive-1,t,16,false,expert,Valenzuela2023,,,
SK-44_detransitivizerreflexive-1-1,SK-44_detransitivizerreflexive-1,t,16,false,expert,Valenzuela2023,,,
ProPa-45_ergative-1-1,ProPa-45_ergative-1,n,19,false,expert,Valenzuela2023,,,
Ksh-45_ergative-1-1,Ksh-45_ergative-1,=n,19,false,expert,Valenzuela2023,,,
SK-45_ergative-1-1,SK-45_ergative-1,=n,19,false,expert,Valenzuela2023,,,
Kap-45_ergative-1-1,Kap-45_ergative-1,n,19,false,expert,Valenzuela2023,,,
ProPa-46_previouseventsamesubject-1-1,ProPa-46_previouseventsamesubject-1,ʂo,40,false,expert,Valenzuela2023,,,
Ksh-46_previouseventsamesubject-1-1,Ksh-46_previouseventsamesubject-1,ʂun,40,false,expert,Valenzuela2023,,,
SK-46_previouseventsamesubject-1-1,SK-46_previouseventsamesubject-1,ʂon,40,false,expert,Valenzuela2023,,,
Chak-46_previouseventsamesubject-1-1,Chak-46_previouseventsamesubject-1,ʂo,40,false,expert,Valenzuela2023,,,
Kax-46_previouseventsamesubject-1-1,Kax-46_previouseventsamesubject-1,ʂu,40,false,expert,Valenzuela2023,,,
ProPa-47_comitativealongwith-1-1,ProPa-47_comitativealongwith-1,βɨta,8,false,expert,Valenzuela2023,,,
Ksh-47_comitativealongwith-1-1,Ksh-47_comitativealongwith-1,bɨ,8,false,expert,Valenzuela2023,,,
SK-47_comitativealongwith-1-1,SK-47_comitativealongwith-1,bɨ,8,false,expert,Valenzuela2023,,,
Chak-47_comitativealongwith-1-1,Chak-47_comitativealongwith-1,bɨta,8,false,expert,Valenzuela2023,,,
Yam-47_comitativealongwith-1-1,Yam-47_comitativealongwith-1,fɨtã,8,false,expert,Valenzuela2023,,,
Ama-30_1stsgi-1-1,Ama-30_1stsgi-1,ɨ,1,false,expert,Valenzuela2023,,,
HanKax-30_1stsgi-1-1,HanKax-30_1stsgi-1,ɨ,1,false,expert,Valenzuela2023,,,
Maw-30_1stsgi-1-1,Maw-30_1stsgi-1,ɨ,1,false,expert,Valenzuela2023,,,
Ama-31_2ndsgyou-1-1,Ama-31_2ndsgyou-1,miya,2,false,expert,Valenzuela2023,,,
HanKax-31_2ndsgyou-1-1,HanKax-31_2ndsgyou-1,mia,2,false,expert,Valenzuela2023,,,
Maw-31_2ndsgyou-1-1,Maw-31_2ndsgyou-1,mia,2,false,expert,Valenzuela2023,,,
Kor-31_2ndsgyou-1-1,Kor-31_2ndsgyou-1,mi,2,false,expert,Valenzuela2023,,,
Mat-31_2ndsgyou-1-1,Mat-31_2ndsgyou-1,mi_,2,false,expert,Valenzuela2023,,,
MatMay-31_2ndsgyou-1-1,MatMay-31_2ndsgyou-1,mi_,2,false,expert,Valenzuela2023,,,
MatMay-32_demonstrativedistal-1-1,MatMay-32_demonstrativedistal-1,uid,13,false,expert,Valenzuela2023,,,
MatMay-33_demonstrativeproximate-1-1,MatMay-33_demonstrativeproximate-1,nɨid,14,false,expert,Valenzuela2023,,,
Shan-35_imperative-1-1,Shan-35_imperative-1,wɨ,30,false,expert,Valenzuela2023,,,
Kat-35_imperative-1-1,Kat-35_imperative-1,wɨ,30,false,expert,Valenzuela2023,,,
HanKax-35_imperative-1-1,HanKax-35_imperative-1,wɨ,30,false,expert,Valenzuela2023,,,
Maw-35_imperative-1-1,Maw-35_imperative-1,wɨ,30,false,expert,Valenzuela2023,,,
Yaw-35_imperative-1-1,Yaw-35_imperative-1,wɨ,30,false,expert,Valenzuela2023,,,
MatMay-36_goingdowndownward-1-1,MatMay-36_goingdowndownward-1,bud,27,false,expert,Valenzuela2023,,,
Ama-37_docoming-1-1,Ama-37_docoming-1,vɨran,18,false,expert,Valenzuela2023,,,
MatMay-37_docoming-1-1,MatMay-37_docoming-1,bɨtsen,18,false,expert,Valenzuela2023,,,
Ama-38_desiderative-1-1,Ama-38_desiderative-1,katsi,15,false,expert,Valenzuela2023,,,
MatMay-38_desiderative-1-1,MatMay-38_desiderative-1,kas,15,false,expert,Valenzuela2023,,,
Shan-39_negative-1-1,Shan-39_negative-1,ma,37,false,expert,Valenzuela2023,,,
Kat-39_negative-1-1,Kat-39_negative-1,yama,37,false,expert,Valenzuela2023,,,
Poy-39_negative-1-1,Poy-39_negative-1,ba,37,false,expert,Valenzuela2023,,,
Ama-39_negative-1-1,Ama-39_negative-1,yama,37,false,expert,Valenzuela2023,,,
HanKax-39_negative-1-1,HanKax-39_negative-1,ma,37,false,expert,Valenzuela2023,,,
Maw-39_negative-1-1,Maw-39_negative-1,ma,37,false,expert,Valenzuela2023,,,
Yaw-39_negative-1-1,Yaw-39_negative-1,ma,37,false,expert,Valenzuela2023,,,
Kor-39_negative-1-1,Kor-39_negative-1,ma,37,false,expert,Valenzuela2023,,,
Mat-39_negative-1-1,Mat-39_negative-1,ama,37,false,expert,Valenzuela2023,,,
Shan-40_causative-1-1,Shan-40_causative-1,ma,7,false,expert,Valenzuela2023,,,
Ama-40_causative-1-1,Ama-40_causative-1,ma,7,false,expert,Valenzuela2023,,,
HanKax-40_causative-1-1,HanKax-40_causative-1,ma,7,false,expert,Valenzuela2023,,,
Maw-40_causative-1-1,Maw-40_causative-1,ma,7,false,expert,Valenzuela2023,,,
Yaw-40_causative-1-1,Yaw-40_causative-1,ma,7,false,expert,Valenzuela2023,,,
Kor-40_causative-1-1,Kor-40_causative-1,me,7,false,expert,Valenzuela2023,,,
Mat-40_causative-1-1,Mat-40_causative-1,me,7,false,expert,Valenzuela2023,,,
MatMay-40_causative-1-1,MatMay-40_causative-1,me,7,false,expert,Valenzuela2023,,,
MatMay-41_augmentative-1-1,MatMay-41_augmentative-1,pa,3,false,expert,Valenzuela2023,,,
Ama-42_dotrauxiliarytr-1-1,Ama-42_dotrauxiliarytr-1,ʔa,17,false,expert,Valenzuela2023,,,
HanKax-42_dotrauxiliarytr-1-1,HanKax-42_dotrauxiliarytr-1,a,17,false,expert,Valenzuela2023,,,
Maw-42_dotrauxiliarytr-1-1,Maw-42_dotrauxiliarytr-1,a,17,false,expert,Valenzuela2023,,,
Kor-42_dotrauxiliarytr-1-1,Kor-42_dotrauxiliarytr-1,ak,17,false,expert,Valenzuela2023,,,
Mat-42_dotrauxiliarytr-1-1,Mat-42_dotrauxiliarytr-1,ak,17,false,expert,Valenzuela2023,,,
MatMay-42_dotrauxiliarytr-1-1,MatMay-42_dotrauxiliarytr-1,ak,17,false,expert,Valenzuela2023,,,
HanKax-43_transitivizer-1-1,HanKax-43_transitivizer-1,wa,43,false,expert,Valenzuela2023,,,
MatMay-45_ergative-1-1,MatMay-45_ergative-1,n,19,false,expert,Valenzuela2023,,,
Ama-46_previouseventsamesubject-1-1,Ama-46_previouseventsamesubject-1,=çon,40,false,expert,Valenzuela2023,,,
HanKax-46_previouseventsamesubject-1-1,HanKax-46_previouseventsamesubject-1,=ʂun,40,false,expert,Valenzuela2023,,,
Mat-46_previouseventsamesubject-1-1,Mat-46_previouseventsamesubject-1,=ʂun,40,false,expert,Valenzuela2023,,,
MatMay-46_previouseventsamesubject-1-1,MatMay-46_previouseventsamesubject-1,=ʂun,40,false,expert,Valenzuela2023,,,
Ama-47_comitativealongwith-1-1,Ama-47_comitativealongwith-1,wɨ,8,false,expert,Valenzuela2023,,,
HanKax-47_comitativealongwith-1-1,HanKax-47_comitativealongwith-1,bɨ,8,false,expert,Valenzuela2023,,,
Maw-47_comitativealongwith-1-1,Maw-47_comitativealongwith-1,fɨta,8,false,expert,Valenzuela2023,,,
MatMay-47_comitativealongwith-1-1,MatMay-47_comitativealongwith-1,bid_,8,false,expert,Valenzuela2023,,,
ProTa-30_1stsgi-1-1,ProTa-30_1stsgi-1,e,1,false,expert,Valenzuela2023,,,
Tac-30_1stsgi-1-1,Tac-30_1stsgi-1,e,1,false,expert,Valenzuela2023,,,
ReyMar-30_1stsgi-1-1,ReyMar-30_1stsgi-1,e,1,false,expert,Valenzuela2023,,,
Aro-30_1stsgi-1-1,Aro-30_1stsgi-1,ema,1,false,expert,Valenzuela2023,,,
Cav-30_1stsgi-1-1,Cav-30_1stsgi-1,e,1,false,expert,Valenzuela2023,,,
Ese-30_1stsgi-1-1,Ese-30_1stsgi-1,ea,1,false,expert,Valenzuela2023,,,
ProTa-31_2ndsgyou-1-1,ProTa-31_2ndsgyou-1,mi,2,false,expert,Valenzuela2023,,,
Tac-31_2ndsgyou-1-1,Tac-31_2ndsgyou-1,mi,2,false,expert,Valenzuela2023,,,
ReyMar-31_2ndsgyou-1-1,ReyMar-31_2ndsgyou-1,mibe,2,false,expert,Valenzuela2023,,,
Aro-31_2ndsgyou-1-1,Aro-31_2ndsgyou-1,mitya,2,false,expert,Valenzuela2023,,,
Cav-31_2ndsgyou-1-1,Cav-31_2ndsgyou-1,mi,2,false,expert,Valenzuela2023,,,
Ese-31_2ndsgyou-1-1,Ese-31_2ndsgyou-1,mi,2,false,expert,Valenzuela2023,,,
ProTa-49_demonstrativethishe-1-1,ProTa-49_demonstrativethishe-1,u,12,false,expert,Valenzuela2023,,,
Tac-49_demonstrativethishe-1-1,Tac-49_demonstrativethishe-1,u,12,false,expert,Valenzuela2023,,,
Cav-49_demonstrativethishe-1-1,Cav-49_demonstrativethishe-1,o,12,false,expert,Valenzuela2023,,,
Ese-49_demonstrativethishe-1-1,Ese-49_demonstrativethishe-1,o,12,false,expert,Valenzuela2023,,,
ProTa-33_demonstrativeproximate-1-1,ProTa-33_demonstrativeproximate-1,ree,14,false,expert,Valenzuela2023,,,
Tac-33_demonstrativeproximate-1-1,Tac-33_demonstrativeproximate-1,ye,14,false,expert,Valenzuela2023,,,
Cav-33_demonstrativeproximate-1-1,Cav-33_demonstrativeproximate-1,reeke,14,false,expert,Valenzuela2023,,,
Ese-33_demonstrativeproximate-1-1,Ese-33_demonstrativeproximate-1,hikio,14,false,expert,Valenzuela2023,,,
ProTa-34_genitive-1-1,ProTa-34_genitive-1,kʷe,26,false,expert,Valenzuela2023,,,
Tac-34_genitive-1-1,Tac-34_genitive-1,ke,26,false,expert,Valenzuela2023,,,
ReyMar-34_genitive-1-1,ReyMar-34_genitive-1,ki,26,false,expert,Valenzuela2023,,,
Cav-34_genitive-1-1,Cav-34_genitive-1,kwe,26,false,expert,Valenzuela2023,,,
Ese-34_genitive-1-1,Ese-34_genitive-1,kwe,26,false,expert,Valenzuela2023,,,
ProTa-35_imperative-1-1,ProTa-35_imperative-1,kʷe,30,false,expert,Valenzuela2023,,,
Tac-35_imperative-1-1,Tac-35_imperative-1,ke,30,false,expert,Valenzuela2023,,,
Cav-35_imperative-1-1,Cav-35_imperative-1,kwe,30,false,expert,Valenzuela2023,,,
ProTa-36_goingdowndownward-1-1,ProTa-36_goingdowndownward-1,bu,27,false,expert,Valenzuela2023,,,
Tac-36_goingdowndownward-1-1,Tac-36_goingdowndownward-1,e,27,false,expert,Valenzuela2023,,,
ReyMar-36_goingdowndownward-1-1,ReyMar-36_goingdowndownward-1,animabotia,27,false,expert,Valenzuela2023,,,
Aro-36_goingdowndownward-1-1,Aro-36_goingdowndownward-1,bote,27,false,expert,Valenzuela2023,,,
Cav-36_goingdowndownward-1-1,Cav-36_goingdowndownward-1,e,27,false,expert,Valenzuela2023,,,
Ese-36_goingdowndownward-1-1,Ese-36_goingdowndownward-1,'oke,27,false,expert,Valenzuela2023,,,
ProTa-37_docoming-1-1,ProTa-37_docoming-1,be,18,false,expert,Valenzuela2023,,,
Tac-37_docoming-1-1,Tac-37_docoming-1,be,18,false,expert,Valenzuela2023,,,
ReyMar-37_docoming-1-1,ReyMar-37_docoming-1,bebe,18,false,expert,Valenzuela2023,,,
Cav-37_docoming-1-1,Cav-37_docoming-1,be,18,false,expert,Valenzuela2023,,,
Ese-37_docoming-1-1,Ese-37_docoming-1,jebe,18,false,expert,Valenzuela2023,,,
ProTa-38_desiderative-1-1,ProTa-38_desiderative-1,katsa,15,false,expert,Valenzuela2023,,,
Tac-38_desiderative-1-1,Tac-38_desiderative-1,tsa,15,false,expert,Valenzuela2023,,,
Aro-38_desiderative-1-1,Aro-38_desiderative-1,hae,15,false,expert,Valenzuela2023,,,
Cav-38_desiderative-1-1,Cav-38_desiderative-1,kara,15,false,expert,Valenzuela2023,,,
Ese-38_desiderative-1-1,Ese-38_desiderative-1,sa,15,false,expert,Valenzuela2023,,,
ProTa-39_negative-1-1,ProTa-39_negative-1,ma,37,false,expert,Valenzuela2023,,,
Tac-39_negative-1-1,Tac-39_negative-1,ma,37,false,expert,Valenzuela2023,,,
Cav-39_negative-1-1,Cav-39_negative-1,ma,37,false,expert,Valenzuela2023,,,
Ese-39_negative-1-1,Ese-39_negative-1,ma,37,false,expert,Valenzuela2023,,,
ProTa-40_causative-1-1,ProTa-40_causative-1,mere,7,false,expert,Valenzuela2023,,,
Tac-40_causative-1-1,Tac-40_causative-1,me,7,false,expert,Valenzuela2023,,,
Aro-40_causative-1-1,Aro-40_causative-1,me,7,false,expert,Valenzuela2023,,,
Cav-40_causative-1-1,Cav-40_causative-1,mere,7,false,expert,Valenzuela2023,,,
Ese-40_causative-1-1,Ese-40_causative-1,mee,7,false,expert,Valenzuela2023,,,
ProTa-41_augmentative-1-1,ProTa-41_augmentative-1,pa,3,false,expert,Valenzuela2023,,,
Tac-41_augmentative-1-1,Tac-41_augmentative-1,pa,3,false,expert,Valenzuela2023,,,
Cav-41_augmentative-1-1,Cav-41_augmentative-1,pa,3,false,expert,Valenzuela2023,,,
ProTa-42_dotrauxiliarytr-1-1,ProTa-42_dotrauxiliarytr-1,a,17,false,expert,Valenzuela2023,,,
Tac-42_dotrauxiliarytr-1-1,Tac-42_dotrauxiliarytr-1,a,17,false,expert,Valenzuela2023,,,
Cav-42_dotrauxiliarytr-1-1,Cav-42_dotrauxiliarytr-1,a,17,false,expert,Valenzuela2023,,,
Ese-42_dotrauxiliarytr-1-1,Ese-42_dotrauxiliarytr-1,a,17,false,expert,Valenzuela2023,,,
ProTa-43_transitivizer-1-1,ProTa-43_transitivizer-1,a,43,false,expert,Valenzuela2023,,,
Tac-43_transitivizer-1-1,Tac-43_transitivizer-1,a,43,false,expert,Valenzuela2023,,,
ReyMar-43_transitivizer-1-1,ReyMar-43_transitivizer-1,a,43,false,expert,Valenzuela2023,,,
Cav-43_transitivizer-1-1,Cav-43_transitivizer-1,a,43,false,expert,Valenzuela2023,,,
Ese-43_transitivizer-1-1,Ese-43_transitivizer-1,a,43,false,expert,Valenzuela2023,,,
ProTa-44_detransitivizerreflexive-1-1,ProTa-44_detransitivizerreflexive-1,ti,16,false,expert,Valenzuela2023,,,
Tac-44_detransitivizerreflexive-1-1,Tac-44_detransitivizerreflexive-1,ti,16,false,expert,Valenzuela2023,,,
Cav-44_detransitivizerreflexive-1-1,Cav-44_detransitivizerreflexive-1,ti,16,false,expert,Valenzuela2023,,,
Ese-44_detransitivizerreflexive-1-1,Ese-44_detransitivizerreflexive-1,ki,16,false,expert,Valenzuela2023,,,
ProTa-45_ergative-1-1,ProTa-45_ergative-1,ra,19,false,expert,Valenzuela2023,,,
Tac-45_ergative-1-1,Tac-45_ergative-1,a,19,false,expert,Valenzuela2023,,,
Cav-45_ergative-1-1,Cav-45_ergative-1,ra,19,false,expert,Valenzuela2023,,,
Ese-45_ergative-1-1,Ese-45_ergative-1,a,19,false,expert,Valenzuela2023,,,
ProTa-46_previouseventsamesubject-1-1,ProTa-46_previouseventsamesubject-1,ṭṣu,40,false,expert,Valenzuela2023,,,
Tac-46_previouseventsamesubject-1-1,Tac-46_previouseventsamesubject-1,su,40,false,expert,Valenzuela2023,,,
Aro-46_previouseventsamesubject-1-1,Aro-46_previouseventsamesubject-1,tso,40,false,expert,Valenzuela2023,,,
Cav-46_previouseventsamesubject-1-1,Cav-46_previouseventsamesubject-1,atsu,40,false,expert,Valenzuela2023,,,
ProTa-48_comitativealongwithtwo-1-1,ProTa-48_comitativealongwithtwo-1,beta,9,false,expert,Valenzuela2023,,,
Tac-48_comitativealongwithtwo-1-1,Tac-48_comitativealongwithtwo-1,beta,9,false,expert,Valenzuela2023,,,
ReyMar-48_comitativealongwithtwo-1-1,ReyMar-48_comitativealongwithtwo-1,mbeta,9,false,expert,Valenzuela2023,,,
Aro-48_comitativealongwithtwo-1-1,Aro-48_comitativealongwithtwo-1,beta,9,false,expert,Valenzuela2023,,,
Cav-48_comitativealongwithtwo-1-1,Cav-48_comitativealongwithtwo-1,beta,9,false,expert,Valenzuela2023,,,
Ese-48_comitativealongwithtwo-1-1,Ese-48_comitativealongwithtwo-1,beka,9,false,expert,Valenzuela2023,,,
